Câu hỏi,Câu trả lời,Chunks,Embeddings
Các quả có mùi vị như thế nào,Quả cam ngon. Quả táo dở. Quả chanh chua. Quả mít to. Quả mít rất thơm nữa,"['Quả cam ngon.', 'Quả táo dở.', 'Quả chanh chua.', 'Quả mít to. Quả mít rất thơm nữa']","tensor([[ 0.3438,  0.4892,  0.4660,  ..., -0.6550,  0.1441, -0.2620],
        [ 0.3688,  0.2461, -0.0169,  ..., -0.3138,  0.0131, -0.1618],
        [ 0.5163,  0.2843,  0.0396,  ..., -0.5511,  0.3620, -0.0496],
        [ 0.8541,  0.5686,  0.1759,  ..., -0.3453,  0.0662,  0.0165]])"
Các quả có hình dáng như thế nào ,"Quả cam có hình tròn. Quả táo có hình tròn, hơi nhỏ. Quả chanh hình bầu dục. Quả mít to dài có vỏ xù xì. Quả mít có thể lấy gỗ","['Quả cam có hình tròn. Quả táo có hình tròn, hơi nhỏ.', 'Quả chanh hình bầu dục.', 'Quả mít to dài có vỏ xù xì.', 'Quả mít có thể lấy gỗ']","tensor([[ 7.0676e-04, -3.1903e-02,  3.2120e-01,  ..., -2.1072e-01,
         -1.7294e-01,  3.7793e-01],
        [ 3.3440e-01,  1.5943e-01,  1.8621e-01,  ..., -1.6239e-01,
          1.3045e-01,  5.8731e-02],
        [ 1.0963e+00,  6.1402e-02,  2.2263e-01,  ..., -9.8394e-02,
         -1.0469e-01,  2.2447e-01],
        [ 1.0385e+00,  6.7445e-01,  1.8367e-01,  ..., -5.3221e-01,
         -2.2536e-01,  1.6500e-01]])"
